{
  "per_arm": {
    "a_aux_0p1": {
      "n_seeds": 2,
      "r2_global_final": [
        0.852701464019324,
        0.003822060772594893
      ],
      "r2_fine_final": [
        0.794546368122641,
        0.006218982065354872
      ],
      "r2_fine_init": [
        0.5638798144638477,
        0.008241593100310751
      ]
    },
    "a_aux_0p5": {
      "n_seeds": 3,
      "r2_global_final": [
        0.9204274602765316,
        0.001099853758556617
      ],
      "r2_fine_final": [
        0.8844480378049284,
        0.0005390657108022124
      ],
      "r2_fine_init": [
        0.5644229285916523,
        0.006545160083685259
      ]
    },
    "a_beliefobs": {
      "n_seeds": 3,
      "r2_global_final": [
        0.9999468906925707,
        4.092787395589985e-05
      ],
      "r2_fine_final": [
        0.9998905675691289,
        8.487609687334967e-05
      ],
      "r2_fine_init": [
        0.9999999999838671,
        1.4691722778261104e-12
      ]
    },
    "a_main": {
      "n_seeds": 3,
      "r2_global_final": [
        0.8613016561650865,
        0.019270472686757963
      ],
      "r2_fine_final": [
        0.8018163620636578,
        0.030022768876221982
      ],
      "r2_fine_init": [
        0.5647422569229357,
        0.006028044098650393
      ]
    },
    "a_nodelay": {
      "n_seeds": 3,
      "r2_global_final": [
        0.8969067954408981,
        0.020478977496792988
      ],
      "r2_fine_final": [
        0.012605861096298169,
        0.015156087670538235
      ],
      "r2_fine_init": [
        0.0026591283152872145,
        0.006501454205614658
      ]
    },
    "a_oracle": {
      "n_seeds": 3,
      "r2_global_final": [
        9.886037036432871e-05,
        5.5579026445319083e-05
      ],
      "r2_fine_final": [
        -0.8712769026450582,
        0.010522869405265749
      ],
      "r2_fine_init": [
        0.4764148570178259,
        0.006095472836763605
      ]
    },
    "a_pred": {
      "n_seeds": 3,
      "r2_global_final": [
        0.9521193400489653,
        0.0023360871449842496
      ],
      "r2_fine_final": [
        0.9502254076100587,
        0.0024786604654347005
      ],
      "r2_fine_init": [
        0.6408671260086055,
        0.011052095798113207
      ]
    },
    "a_stack16": {
      "n_seeds": 2,
      "r2_global_final": [
        0.7749991868016911,
        0.009766429742259386
      ],
      "r2_fine_final": [
        0.63542236390424,
        0.03382529648943439
      ],
      "r2_fine_init": [
        0.007691612327468511,
        0.0032005536465208317
      ]
    },
    "a_stack2": {
      "n_seeds": 2,
      "r2_global_final": [
        0.9299955096065486,
        0.027426387106591954
      ],
      "r2_fine_final": [
        0.8842401305831427,
        0.046916208991783004
      ],
      "r2_fine_init": [
        0.5338643102119017,
        0.025047780097204764
      ]
    },
    "a_stack4": {
      "n_seeds": 2,
      "r2_global_final": [
        0.9239072706959455,
        0.0030421960121475577
      ],
      "r2_fine_final": [
        0.866039405075518,
        0.0055767699655758785
      ],
      "r2_fine_init": [
        0.08080310924006151,
        3.877065303892202e-05
      ]
    },
    "a_stack8": {
      "n_seeds": 2,
      "r2_global_final": [
        0.849783597419594,
        0.030565000744343485
      ],
      "r2_fine_final": [
        0.7583652681211706,
        0.02928657043558558
      ],
      "r2_fine_init": [
        0.017823407480626163,
        2.5762176128929504e-05
      ]
    },
    "b_m1": {
      "n_seeds": 3,
      "r2_global_final": [
        0.940494729619568,
        0.00019424099535027126
      ],
      "r2_fine_final": [
        -9.38974178594619,
        0.06071603378878863
      ],
      "r2_fine_init": [
        -9.424705105894725,
        0.06388276209093634
      ]
    },
    "b_r0": {
      "n_seeds": 3,
      "r2_global_final": [
        0.9894733635258507,
        0.010248257674170513
      ],
      "r2_fine_final": [
        -1.1819471008587017,
        2.125027442755895
      ],
      "r2_fine_init": [
        -5.901052857415119,
        0.0
      ]
    },
    "b_r1": {
      "n_seeds": 3,
      "r2_global_final": [
        0.9920226518658656,
        0.0029597392237834664
      ],
      "r2_fine_final": [
        -0.40538047075968736,
        0.5265189801470235
      ],
      "r2_fine_init": [
        -5.941444287597032,
        0.0
      ]
    },
    "b_r1_g0": {
      "n_seeds": 2,
      "r2_global_final": [
        0.9955638972302518,
        0.001831867680994026
      ],
      "r2_fine_final": [
        0.21779036797682993,
        0.32719734627159547
      ],
      "r2_fine_init": [
        -6.46871524841433,
        0.0
      ]
    },
    "b_sl": {
      "n_seeds": 3,
      "r2_global_final": [
        0.9998057156587844,
        6.036841416989361e-05
      ],
      "r2_fine_final": [
        0.9660826887150264,
        0.010588071286798261
      ],
      "r2_fine_init": [
        -6.36312526024302,
        0.31031038158584323
      ]
    },
    "n_scramble": {
      "n_seeds": 2,
      "r2_global_final": [
        0.21882438743492721,
        0.09691565772405059
      ],
      "r2_fine_final": [
        -0.2204599085115323,
        0.13621123433464988
      ],
      "r2_fine_init": [
        0.00335358833848165,
        0.014291929027722805
      ]
    }
  },
  "init_floor": {
    "mlp": {
      "r2_global": [
        0.5108733248025332,
        0.019132268198224223,
        0.9999999999859679
      ],
      "r2_fine": [
        -1.327323874597587,
        -9.478027486146807,
        0.9999999999857105
      ]
    },
    "transformer": {
      "r2_global": [
        0.6770594805547386,
        0.05187051027973755,
        0.9661011228240127
      ],
      "r2_fine": [
        -1.4067294113197928,
        -6.679216244717698,
        0.6529699649014844
      ]
    }
  },
  "noise_floor": {
    "r2_global": 0.21882438743492721,
    "r2_fine": -0.2204599085115323,
    "reward_mean": 0.16912648780759199
  }
}