{
  "normal": {
    "r2_global": 0.8804097790387827,
    "r2_fine_depth1": 0.877472957452722,
    "r2_fine_depth2": 0.835412137449709,
    "n_train": 120000,
    "n_test": 60000,
    "r2_fine": 0.835412137449709,
    "reward_mean": 0.33129895975222995
  },
  "scrambled": {
    "r2_global": 0.0005865046795128226,
    "r2_fine_depth1": 4.576948173196094e-05,
    "r2_fine_depth2": -0.00010938120397341322,
    "n_train": 120000,
    "n_test": 60000,
    "r2_fine": -0.00010938120397341322,
    "reward_mean": -0.0022416803843583605
  }
}