{
  "anchors": {
    "random": 0.3333333333333333,
    "memoryless_d1": 0.65925,
    "filter_d1": 0.669121,
    "memoryless_d0": 0.85,
    "filter_d0": 0.850026
  },
  "arms": {
    "b_m1": {
      "n_seeds": 3,
      "ladder_value": 0.6586,
      "ladder_sd": 0.001729697040481893,
      "r2_global": 0.940392850018328,
      "r2_fine": -9.473062960722084,
      "decoded_kmeans3": 0.8680072274380438
    },
    "b_r1": {
      "n_seeds": 3,
      "ladder_value": 0.6606111111111111,
      "ladder_sd": 0.0054223360643786914,
      "r2_global": 0.9920216698879432,
      "r2_fine": -0.4036408181953608,
      "decoded_kmeans3": 0.9488194485734017
    },
    "b_r1_g0": {
      "n_seeds": 2,
      "ladder_value": 0.6684416666666666,
      "ladder_sd": 0.0008083333333333553,
      "r2_global": 0.9955616080469276,
      "r2_fine": 0.21506241503338402,
      "decoded_kmeans3": 0.9445572797393289
    },
    "b_r0": {
      "n_seeds": 3,
      "ladder_value": 0.8374055555555556,
      "ladder_sd": 0.016504344732879497,
      "r2_global": 0.9894482591811432,
      "r2_fine": -1.1862001887803204,
      "decoded_kmeans3": 0.9596840281526311
    },
    "b_sl": {
      "n_seeds": 3,
      "ladder_value": 0.6698777777777778,
      "ladder_sd": 0.0009235933582253759,
      "r2_global": 0.9998080308665037,
      "r2_fine": 0.9662798075983687,
      "decoded_kmeans3": 0.9440124613244119
    }
  },
  "architecture_tax": -0.0007567777777778284,
  "rl_tax": 0.0014361111111111935
}