{
  "r2_global": 0.9970118289977605,
  "r2_fine_depth1": 0.9846442929155491,
  "r2_fine_depth2": 0.9560745260722308,
  "n_train": 120000,
  "n_test": 60000,
  "r2_fine": 0.9560745260722308,
  "prior_expectation": 0.994,
  "passed": true
}