{
  "anchors": {
    "constant": 0.1415438847918444,
    "reactive": 0.19145219272158195,
    "stack2": 0.3055275682080366,
    "belief_ceiling": 0.3814020168730887,
    "oracle": 0.4624998223499505,
    "belief_ceiling_delay0": 0.40539962806195645,
    "openloop_period4": 0.1966
  },
  "arms": {
    "a_main": {
      "reward_mean": [
        0.3336448437202255,
        0.0010942189914110508
      ],
      "reward_greedy": [
        0.3366201495436898,
        0.0022463746774746556
      ],
      "r2_global": [
        0.8613016561650865,
        0.019270472686757963
      ],
      "r2_fine": [
        0.8018163620636578,
        0.030022768876221982
      ],
      "r2_fine_depth1": [
        0.8536599279094123,
        0.024401119805695533
      ],
      "within_branch_action_var_frac": [
        0.7033570274232129,
        0.023655512330063747
      ],
      "aux_acc_state": [
        0.32927222222222224,
        0.2955015799711266
      ],
      "n_seeds": 3
    },
    "a_nodelay": {
      "reward_mean": [
        0.3723978586493435,
        0.016835445506273108
      ],
      "reward_greedy": [
        0.37634304797688944,
        0.015353266012607926
      ],
      "r2_global": [
        0.8969067954408981,
        0.020478977496792988
      ],
      "r2_fine": [
        0.012605861096298169,
        0.015156087670538235
      ],
      "r2_fine_depth1": [
        0.6030201466068904,
        0.07942333902954535
      ],
      "within_branch_action_var_frac": [
        0.14163077302257374,
        0.010341197368015802
      ],
      "aux_acc_state": [
        0.3218722222222222,
        0.32417692252652014
      ],
      "n_seeds": 3
    },
    "a_aux_0p5": {
      "reward_mean": [
        0.3326195759781811,
        0.0006511744597762231
      ],
      "reward_greedy": [
        0.33771318633386316,
        0.0012317554036353586
      ],
      "r2_global": [
        0.9204274602765316,
        0.001099853758556617
      ],
      "r2_fine": [
        0.8844480378049284,
        0.0005390657108022124
      ],
      "r2_fine_depth1": [
        0.9159543164628605,
        0.0014254180126817941
      ],
      "within_branch_action_var_frac": [
        0.6775299796759553,
        0.013901204276211077
      ],
      "aux_acc_state": [
        0.8557444444444444,
        0.0018984561629042816
      ],
      "n_seeds": 3
    },
    "a_pred": {
      "reward_mean": [
        0.046615589665358115,
        0.001316553686929718
      ],
      "reward_greedy": [
        0.06312667673608675,
        0.02803333388367658
      ],
      "r2_global": [
        0.9521193400489653,
        0.0023360871449842496
      ],
      "r2_fine": [
        0.9502254076100587,
        0.0024786604654347005
      ],
      "r2_fine_depth1": [
        0.9502425908603188,
        0.0024789039244863744
      ],
      "within_branch_action_var_frac": [
        0.9998644628668649,
        1.9540909182408676e-05
      ],
      "aux_acc_state": [
        0.7103222222222222,
        0.0011002805478379507
      ],
      "n_seeds": 3
    },
    "a_oracle": {
      "reward_mean": [
        0.4525553598384772,
        0.00046018445764066965
      ],
      "reward_greedy": [
        0.4526122482365611,
        0.0004892932193551349
      ],
      "r2_global": [
        9.886037036432871e-05,
        5.5579026445319083e-05
      ],
      "r2_fine": [
        -0.8712769026450582,
        0.010522869405265749
      ],
      "r2_fine_depth1": [
        -0.6682133959453745,
        0.006833059016820124
      ],
      "within_branch_action_var_frac": [
        0.9995389789890159,
        0.0001445622599124304
      ],
      "aux_acc_state": [
        0.6370166666666667,
        0.430427845503965
      ],
      "n_seeds": 3
    },
    "a_beliefobs": {
      "reward_mean": [
        0.3781363078648936,
        0.0013373245779463255
      ],
      "reward_greedy": [
        0.3791522536683905,
        0.001013512109186877
      ],
      "r2_global": [
        0.9999468906925707,
        4.092787395589985e-05
      ],
      "r2_fine": [
        0.9998905675691289,
        8.487609687334967e-05
      ],
      "r2_fine_depth1": [
        0.9999012739485359,
        7.666350806138641e-05
      ],
      "within_branch_action_var_frac": [
        0.6558671658691716,
        0.004734866424148185
      ],
      "aux_acc_state": [
        0.5739722222222222,
        0.3333952401772399
      ],
      "n_seeds": 3
    },
    "a_stack2": {
      "reward_mean": [
        0.3304654255854894,
        0.01051230689195723
      ],
      "reward_greedy": [
        0.3304641099195072,
        0.00938585542809145
      ],
      "r2_global": [
        0.9299955096065486,
        0.027426387106591954
      ],
      "r2_fine": [
        0.8842401305831427,
        0.046916208991783004
      ],
      "r2_fine_depth1": [
        0.9218345593448342,
        0.03279859820641018
      ],
      "within_branch_action_var_frac": [
        0.4545279493889185,
        0.09171510567138488
      ],
      "aux_acc_state": [
        0.11349166666666666,
        0.00034166666666666373
      ],
      "n_seeds": 2
    },
    "a_stack4": {
      "reward_mean": [
        0.3055811903331728,
        0.00010051466363170114
      ],
      "reward_greedy": [
        0.305563543202408,
        0.0004815455668426838
      ],
      "r2_global": [
        0.9239072706959455,
        0.0030421960121475577
      ],
      "r2_fine": [
        0.866039405075518,
        0.0055767699655758785
      ],
      "r2_fine_depth1": [
        0.909189010080789,
        0.0035613581612278233
      ],
      "within_branch_action_var_frac": [
        0.18036662430812508,
        0.003775907368407716
      ],
      "aux_acc_state": [
        0.441175,
        0.26694166666666663
      ],
      "n_seeds": 2
    },
    "a_stack8": {
      "reward_mean": [
        0.2791580924136464,
        0.026364334887970298
      ],
      "reward_greedy": [
        0.28320744165031475,
        0.02204513551584411
      ],
      "r2_global": [
        0.849783597419594,
        0.030565000744343485
      ],
      "r2_fine": [
        0.7583652681211706,
        0.02928657043558558
      ],
      "r2_fine_depth1": [
        0.8254535659151723,
        0.03143863212013215
      ],
      "within_branch_action_var_frac": [
        0.3335866074326658,
        0.14491095125448866
      ],
      "aux_acc_state": [
        0.180875,
        0.007324999999999998
      ],
      "n_seeds": 2
    },
    "a_stack16": {
      "reward_mean": [
        0.2602259979870313,
        0.004902913327556241
      ],
      "reward_greedy": [
        0.27419384842994726,
        0.0059644424654966
      ],
      "r2_global": [
        0.7749991868016911,
        0.009766429742259386
      ],
      "r2_fine": [
        0.63542236390424,
        0.03382529648943439
      ],
      "r2_fine_depth1": [
        0.7334577449793716,
        0.009217504608696248
      ],
      "within_branch_action_var_frac": [
        0.44522824918511517,
        0.10812859101294495
      ],
      "aux_acc_state": [
        0.21539166666666668,
        0.0063083333333333325
      ],
      "n_seeds": 2
    }
  }
}